{"polylines": {"1": [[68.119, 32.68600000000001], [70.659, 32.68600000000001], [71.29400000000001, 31.289], [83.486, 31.289], [83.486, 35.35300000000001], [94.662, 35.35300000000001], [94.662, 33.194], [107.108, 33.194], [107.108, 32.94], [108.759, 32.94], [108.759, 51.101], [85.391, 51.101], [85.391, 52.625], [68.119, 52.625], [68.119, 32.68600000000001]], "0": [[48.815000000000005, 38.02], [33.82900000000001, 38.02], [33.82900000000001, 39.798], [18.716, 39.798], [18.716, 38.02], [5.0, 38.02], [5.0, 23.796000000000003], [6.7780000000000005, 23.796000000000003], [6.7780000000000005, 5.0], [26.971000000000004, 5.0], [26.971000000000004, 17.954], [29.003, 17.954], [29.003, 16.938000000000002], [47.79900000000001, 16.938000000000002], [47.79900000000001, 17.954], [49.831, 17.954], [49.831, 16.938000000000002], [68.62700000000001, 16.938000000000002], [68.62700000000001, 17.954], [71.167, 17.954], [71.167, 15.922], [107.48900000000002, 15.922], [107.48900000000002, 11.604000000000001], [120.697, 11.604000000000001], [120.697, 15.033000000000001], [139.366, 15.033000000000001], [139.366, 47.164], [140.89000000000001, 47.164], [140.89000000000001, 123.11], [110.41, 123.11], [110.41, 105.83800000000001], [71.29400000000001, 105.83800000000001], [71.29400000000001, 123.11], [55.165000000000006, 123.11], [55.165000000000006, 103.80600000000001], [48.815000000000005, 103.80600000000001], [48.815000000000005, 38.02]]}}